{"cameraMode":{"drawMode":0,"name":"Shaded","section":"Shading Mode"},"sceneLighting":false,"audioPlay":false,"sceneViewState":{"showFog":true,"showMaterialUpdate":false,"showSkybox":false,"showFlares":true,"showImageEffects":true,"showParticleSystems":true},"in2DMode":false,"pivot":{"x":-2484.5,"y":7.6940155029296879,"z":153.06246948242188},"rotation":{"x":-0.14800822734832765,"y":-0.20258060097694398,"z":0.031066158786416055,"w":-0.9675562977790833},"size":621.76513671875,"orthographic":false}